set search_path to zapateria;
set datestyle to sql,dmy;


insert into cliente values
			(500,'Juan Pérez','ABC2011','5156798'),
			(530,'Aleida Juárez','DEF2008','5034512'),
			(421,'Lorena Díaz','AEI2007','5056798'),
			(599,'Rodolfo Norton','DEG2006','5159023'),
			(567,'Andrés Rodríguez','MNO1998','5134512'),
			(400,'Mauricio Alemán','WXY2001','5097641'),
			(415,'Adriana López','QRS2009','5490235'),
			(430,'Juana Ramírez','JKL2010','5023451'),
			(580,'Adán Hernández','TUV2006','5109786'),
			(505,'Camelia Ruiz','RUC2010','5132499'),
			(510,'Carlos Jiménez','JIM2009','5036677'),
			(403,'Guadalupe López','POY2007','5476890'),
			(405,'Laura Pérez','NOM2009','5164532'),
			(507,'Daniel Gutierrez','BFG2010','5198723'),
			(520,'Cuauhtemoc Sibaja','CTS2010','5490245'),
			(485,'Juan Arango','ABF2012','5136798'),
			(537,'Aleida Rubiales','HEF2005','6034512'),
			(424,'Daniel Díaz','MEU2001','5156798'),
			(493,'Patrick Norton','DOG2003','1159023'),
			(576,'Andrés París','MNL1996','1345012'),
			(450,'Mauricio Lenon','WQR2011','6097641'),
			(425,'Adriana Martínez','POI2007','1490235'),
			(428,'Juana Treviño','JMQ2012','3023451'),
			(570,'Zoe Hernández','TVZ2006','5309786'),
			(529,'Hillary Ruiz','BNG2010','5532499'),
			(533,'Carlos Puente','CPH2009','5076677'),
			(447,'Gregorio Cortés','GCT2007','5406790'),
			(455,'Laura Bustamante','NOM2001','1164532'),
			(587,'Daniel Anzures','ABN2010','1198723'),
			(525,'Cuauhtemoc Torres','CXZ2010','1490245'),
			(538,'Jose Torres','JTY2009','2490245'),
			(577,'Mauricio Terrones','MTN2013','6560245'),
			(539,'Cuauhtemoc Martínez','CM2011','1340245'),
			(488,'Alan Turing','ATZ1998','1890245'),
			(555,'Adrian Cavero','ACX2015','1760245'),
			(566,'Jazmin Vera','JVB1987','1670245'),
			(490,'Julian Cazares','JCM2006','1330245'),
			(434,'Irma Soriano','ISL2003','1550245'),
			(429,'Claudia Murcio','CMT2010','1120245'),
			(553,'Irina Salvatierra','ISZ2010','1980245');


insert into proveedor values
			(1001,'la gran zapatería','df','5556789612','lagranzapateria@hotmail.com'),
			(1000,'borcegui','puebla','2265432190','ventas@borcegui.com.mx'),
			(1002,'la horma italiana','oaxaca','9515153426','hormaitaliana@gmail.com'),
			(1003,'andrea','df','5599007712','andreaventas@hotmail.com'),
			(1004,'flexi','león','4589678800','ventasflexi@flexi.com.mx'),
			(1005,'calzaletas','df','5512345670','calzaletas@prodigy.net'),
			(1006,'burbujitas','león','4520340610','pedidos@burbujitas.com.mx'),
			(1007,'megapiel','puebla','2299087615','ventas@megapiel.com.mx'),
			(1008,'firstclass','oaxaca','9515024567','pedidosfirst@hotmail.com'),
			(1009,'zapaterias la luna','oaxaca','9515490231','ventaslaluna@prodigy.net'),
			(1010,'hushpupies','df','5512345690','ventashushpupies@hushpupies.com.mx'),
			(1011,'gran emyco','león','4500876656','contacto_ventas@granemyco.com.mx'),
			(1012,'chabelo','df','55467789612','ventaschabelo@hotmail.com'),
			(1013,'coloso','puebla','22634532190','ventas@zapatocoloso.com.mx'),
			(1014,'anda nene','oaxaca','9511143426','andaneneventas@gmail.com'),
			(1015,'ferrari','df','5588007712','ferraricontacto@hotmail.com'),
			(1016,'pazztor','león','4589834880','pazztorzapateria@flexi.com.mx'),
			(1017,'sideletas','df','5598745670','sideletas@enterprise.net'),
			(1018,'campeon','león','4527650610','pedidoscampeon@campeon.com.mx'),
			(1019,'cherokee','puebla','2233087115','ventas@cherokee.com.mx'),
			(1020,'gran corte italiano','oaxaca','9511152456','corte_italiano@hotmail.com'),
			(1021,'zapaterias pompeya','oaxaca','9515430231','pompeyazapateria@prodigy.net'),
			(1022,'hugo class','df','5562135690','hugoclassventas@gmail.com'),
			(1023,'la moda inn','león','45016346656','ventas@lamodainn.com.mx');


insert into zapato values
			(8050,'zapato mocasin',1004,27,'café','piel',250,500,10),
			(8002,'sandalia primavera',1003,24,'negro','sintetico',180,320,15),
			(8045,'zapatilla con tacon no. 7',1001,23,'hueso','piel',200,430,8), 
			(8022,'bota larga',1004,25,'café','piel',400,700,5),
			(8005,'bota corta',1003,26,'azul','gamuza',350,600,10),
			(8060,'sandalia playa',1003,23,'amarilla','sintetico',150,230,15),
			(8007,'zapato con agujeta',1001,28,'negro','piel',300,500,6),
			(8088,'sandalia verano',1004,23,'azul cielo','sintetico',150,280,15),
			(8003,'zapato con agujeta para niña',1006,12,'negro','piel',120,200,17),
			(8010,'zapato mocasin niño',1006,21,'azul marino','piel',150,250,8),
			(8015,'sandalia para niña',1006,13,'blanco','sintetico',110,190,12),
			(8017,'tenis nike basquetbol',1009,27,'blanco con rojo','piel',700,1200,5),
			(8020,'tenis reebok soccer',1009,28,'negro con azul','piel y sintético',800,1400,4),
			(8040,'tenis jourdan basquetbol',1009,26,'blanco con verde','piel',800,1300,6),
			(8041,'zapatilla dorada con tacón no. 6',1003,24,'oro con blanco','piel y sintético',500,800,4),
			(8004,'sandalia para niña con estampado floral',1006,14,'rosa','piel',200,300,8),
			(8061,'zapato escolar con hebilla niño',1023,18,'negro','piel',150,250,10),
			(8062,'escolar niña',1019,20,'negro','piel',150,250,10),
			(8063,'botin niño',1018,16,'azul marino','gamuza',180,270,10),
			(8064,'botín niña',1018,18,'cafe','piel y sintetico',250,450,10),
			(8065,'zapatilla de plataforma',1015,24,'naranja','piel',350,500,10),
			(8066,'zapatilla de tacon no 5',1015,25,'verde limon','sintetico',330,480,10),
			(8067,'sandalia niña',1017,14,'rosa','sintetico',80,120,10),
			(8068,'sandalia niño',1017,16,'azul cielo','sintetico',80,120,10),
			(8069,'sandalia baño dama',1017,26,'rosa','sintetido',100,180,10),
			(8070,'sandalia baño caballero',1017,28,'azul marino','sintetico',100,180,10),
			(8071,'sandalia baño dama',1017,24,'verde agua','sintetico',100,180,10),
			(8072,'botin dama hebilla',1020,25,'negro','piel',300,600,5),
			(8073,'bota dama borrega',1021,24,'cafe','piel y sintetico',350,600,5),
			(8074,'bota caballero',1021,27,'negro','gamuza',300,6000,5),
			(8075,'mocasin dama',1020,23,'azul marino','piel',290,560,5),
			(8076,'mocasin dama',1020,24,'vino','piel',300,670,5),
			(8077,'escolar niña',1015,18,'negro','piel',200,450,5),
			(8078,'escolar niña flor',1015,19,'negro','piel',210,460,5),
			(8079,'escolar niño',1015,20,'negro','piel',210,460,5);


insert into empleado values
			(001,'Felipe Gonzalez','15-02-10','18-12-1974','matutino','vendedor'),
			(002,'Antonieta Pérez','01-04-05','28-03-1965','vespertino','cajero'),
			(003,'Josefina Mota','15-06-03','08-05-1972','matutino','vendedor'),
			(004,'Adrian Jimenez','01-04-06','15-09-1971','vespertino','vendedor'),
			(005,'Gabriela Duarte','15-08-11','20-02-1969','matutino','cajero'),
			(006,'Constantino Gutierrez','01-07-11','14-06-1986','matutino','almacen'),
			(007,'Javier Martínez','15-01-09','12-11-1966','vespertino','almacen'),
			(008,'Jaime Escobedo','01-01-11','24-08-1973','vespertino','vendedor'),
			(009,'Bibiana Arredondo','15-02-11','01-09-1979','matutino','cajero'),
			(010,'Abel Zárate','15-07-09','16-02-1970','Matutino','almacen'),
			(011,'Noe Bermudez','01-03-10','07-12-1975','vespertino','vendedor'),
			(012,'Juan Sanchez','15-04-09','28-06-1979','vespertino','vendedor'),
			(013,'Rosa Alcatráz','01-05-11','30-08-1965','matutino','almacen'),
			(014,'Juana Ramírez','15-07-08','17-07-1969','matutino','vendedor'),
			(015,'Andrea Pérez','15-05-00','18-11-1975','matutino','vendedor'),
			(016,'Gerardo Puga','03-04-01','28-04-1968','vespertino','almacen'),
			(017,'Margarita Mota','15-06-02','08-06-1973','matutino','vendedor'),
			(018,'Reyna Juárez','01-04-03','15-10-1972','vespertino','vendedor'),
			(019,'Gabriela Marriot','15-08-04','20-03-1970','matutino','cajero'),
			(020,'Genaro Gutierrez','01-07-05','14-07-1971','matutino','almacen'),
			(021,'Javier Suarez','15-01-06','12-08-1972','vespertino','almacen'),
			(022,'Jaime Galvan','01-01-07','24-09-1974','vespertino','vendedor'),
			(023,'Berenice Arredondo','15-02-08','01-10-1980','matutino','cajero'),
			(024,'Noé Zárate','15-06-09','16-03-1981','Matutino','almacen'),
			(025,'Vicente Bermudez','01-05-10','07-01-1976','vespertino','vendedor'),
			(026,'Juan Soriano','15-03-11','28-02-1980','vespertino','vendedor'),
			(027,'Rosa Ventura','01-08-12','30-09-1966','matutino','alamacen'),
			(028,'Eunice Saavedra','15-02-13','17-08-1975','matutino','vendedor'),
			(029,'Arbid García','01-02-13','14-08-1972','matutino','almacen'),
			(030,'Bricio Cortés','15-01-11','12-09-1973','vespertino','almacen'),
			(031,'Carlos Quezada','01-06-16','24-10-1985','vespertino','vendedor'),
			(032,'Cecilia Saga','15-05-09','01-11-1983','matutino','cajero'),
			(033,'Daniel Batres','15-06-12','28-03-1991','Matutino','almacen'),
			(034,'Dalia Carrasco','01-05-13','17-01-1986','vespertino','vendedor'),
			(035,'Juan Torrentino','15-04-12','30-04-1988','vespertino','vendedor'),
			(036,'Julia Hernández','01-09-11','16-08-1970','matutino','almacen'),
			(037,'Karime Lenin','15-02-08','17-09-1980','matutino','vendedor');

insert into compra values
			(19001,'03-02-17',1006,007),
			(19002,'03-02-17',1003,016),
			(19003,'03-02-17',1004,020),
			(19100,'03-02-17',1001,027),
			(19101,'04-03-17',1004,024),
			(19120,'04-03-17',1006,021),
			(20001,'05-03-17',1003,010),
			(20002,'05-03-17',1001,013),
			(20003,'05-03-17',1004,016),
			(20100,'06-03-17',1001,020),
			(20130,'07-03-17',1003,027),
			(20131,'08-03-17',1003,024),
			(20132,'08-03-17',1003,021),
			(20133,'15-04-17',1003,007),
			(20134,'16-04-17',1003,006),
			(20135,'17-04-17',1003,010),
			(20136,'20-04-17',1003,013),
			(20137,'20-04-17',1003,020),
			(20138,'01-05-17',1003,027),
			(20139,'02-05-17',1003,024),
			(20140,'03-05-17',1003,021),
			(20141,'04-05-17',1003,010),
			(20142,'05-05-17',1003,007),
			(20143,'05-05-17',1003,006),
			(20144,'10-05-17',1003,013),
			(20145,'11-05-17',1003,016),
			(20146,'12-05-17',1003,020),
			(20147,'13-05-17',1003,027),
			(20148,'14-05-17',1003,024),
			(20149,'01-06-17',1003,021),
			(20150,'02-06-17',1003,010),
			(20151,'02-06-17',1003,007),
			(20152,'03-06-17',1003,013);

insert into det_compra values
			(19001,8003,5),
			(19001,8015,5),
			(19002,8005,8),
			(19003,8022,10),
			(19003,8050,10),
			(19100,8007,5),
			(19101,8017,10),
			(19101,8020,10),
			(19120,8003,15),
			(19120,8010,15),
			(19120,8015,15),
			(20001,8060,10),
			(20001,8005,8),
			(20002,8045,15),
			(20003,8022,10),
			(20003,8088,10),
			(20100,8007,5),
			(20100,8045,5),
			(20130,8002,15),
			(20131,8022,15),
			(20131,8061,15),
			(20131,8062,15),
			(20132,8063,15),
			(20132,8064,15),
			(20134,8065,15),
			(20134,8066,15),
			(20134,8067,15),
			(20135,8068,15),
			(20135,8069,15),
			(20135,8070,15),
			(20136,8072,15),
			(20136,8073,15),
			(20137,8017,15),
			(20138,8020,15),
			(20139,8075,15),
			(20139,8076,15),
			(20140,8077,15),
			(20140,8078,15),
			(20140,8079,15),
			(20141,8071,15),
			(20142,8072,15),
			(20143,8065,15),
			(20143,8066,15),
			(20144,8010,5),
			(20145,8022,5),
			(20146,8004,15),
			(20147,8020,5),
			(20147,8040,5),
			(20148,8020,5),
			(20149,8040,5),
			(20150,8072,5),
			(20150,8073,5),
			(20150,8074,5),
			(20151,8079,5),
			(20151,8077,5),
			(20151,8078,5),
			(20152,8065,5),
			(20152,8066,5);

insert into venta values
			(38001,'05-02-17',567,001),
			(38002,'05-02-17',400,003),
			(38003,'07-02-17',530,004),
			(38004,'07-02-17',500,008),
			(38005,'07-02-17',421,011),
			(38006,'10-02-17',488,017),
			(38007,'11-02-17',510,022),
			(38008,'12-02-17',415,031),
			(38009,'12-02-17',520,001),
			(38010,'13-02-17',529,017),
			(38011,'01-03-17',507,003),
			(38012,'01-03-17',485,004),
			(38013,'02-03-17',493,034),
			(38014,'02-03-17',576,018),
			(38015,'02-03-17',450,026),
			(38016,'03-03-17',570,031),
			(38017,'04-03-17',421,037),
			(38018,'05-03-17',505,017),
			(38019,'06-03-17',400,025),
			(38020,'07-03-17',510,012),
			(38021,'01-04-17',403,018),
			(38022,'05-04-17',405,011),
			(38023,'06-04-17',580,034),
			(38024,'06-04-17',537,001),
			(38025,'07-04-17',424,008),
			(38026,'08-04-17',430,031),
			(38027,'09-04-17',450,028),
			(38028,'12-04-17',537,035),
			(38029,'12-04-17',567,011),
			(38030,'13-04-17',500,017),
			(38031,'05-05-17',530,022),
			(38032,'06-05-17',421,012),
			(38033,'07-05-17',488,037),
			(38034,'07-05-17',567,003),
			(38035,'08-05-17',400,011),
			(38036,'09-05-17',415,015),
			(38037,'10-05-17',430,028),
			(38038,'11-05-17',580,031),
			(38039,'13-05-17',505,011),
			(38040,'15-05-17',510,004),
			(38041,'03-06-17',403,001),
			(38042,'03-06-17',405,003),
			(38043,'04-06-17',507,004),
			(38044,'05-06-17',520,008),
			(38045,'06-06-17',485,011),
			(38046,'08-06-17',537,012),
			(38047,'12-06-17',424,015),
			(38048,'14-06-17',493,017),
			(38049,'14-06-17',576,012),
			(38050,'16-06-17',450,022);
		
insert into detalle_venta values
			(38001,8088,1),
			(38001,8015,2),
			(38001,8002,1),
			(38002,8007,2),
			(38002,8005,3),
			(38003,8022,1),
			(38004,8003,1),
			(38005,8045,2),
			(38005,8050,2),
			(38005,8062,1),
			(38006,8005,1),
			(38006,8060,2),
			(38007,8010,1),
			(38008,8015,2),
			(38009,8017,3),
			(38010,8020,1),
			(38010,8040,1),
			(38010,8041,2),
			(38011,8004,2),
			(38011,8061,1),
			(38012,8062,1),
			(38013,8063,2),
			(38014,8069,1),
			(38015,8077,2),
			(38016,8079,1),
			(38017,8020,1),
			(38018,8066,1),
			(38019,8067,2),
			(38020,8068,2),
			(38021,8069,1),
			(38021,8070,1),
			(38022,8071,1),
			(38022,8072,1),
			(38023,8073,1),
			(38024,8074,1),
			(38025,8020,1),
			(38026,8040,1),
			(38026,8041,1),
			(38027,8075,1),
			(38028,8077,1),
			(38029,8050,1),
			(38030,8071,1),
			(38030,8077,1),
			(38030,8078,1),
			(38030,8079,1),
			(38031,8045,1),
			(38032,8022,1),
			(38033,8005,2),
			(38034,8060,2),
			(38035,8007,1),
			(38035,8003,1),
			(38036,8010,1),
			(38036,8015,1),
			(38037,8017,1),
			(38038,8020,1),
			(38039,8040,1),
			(38039,8041,1),
			(38040,8063,1),
			(38041,8064,1),
			(38042,8065,1),
			(38043,8066,1),
			(38044,8067,1),
			(38044,8068,1),
			(38045,8069,1),
			(38045,8070,1),
			(38046,8072,1),
			(38047,8071,1),
			(38047,8073,1),
			(38048,8050,1),
			(38048,8002,1),
			(38049,8045,1),
			(38050,8022,1);

insert into devolucion values
			(11000,38002,'07-02-17',8),
			(11001,38007,'15-02-17',34),
			(11002,38011,'02-03-17',4),
			(11003,38020,'09-03-17',12),
			(11004,38029,'14-04-17',17),
			(11005,38033,'11-05-17',3),
			(11006,38039,'15-05-17',28),
			(11007,38044,'05-06-17',31),
			(11008,38046,'09-06-17',22),
			(11009,38049,'16-06-17',11),
			(11010,38050,'18-06-17',15);


			
insert into detalle_devolucion values
			(11000,8005,1,'suela defectuosa'),
			(11000,8007,1,'descolorido'),
			(11001,8010,1,'horma apretada'),			
			(11002,8004,1,'talla diferente en un par'),
			(11003,8068,1,'sin plantillas'),
			(11004,8050,1,'ya no le gustaron'),
			(11005,8005,1,'plantilla rota'),
			(11006,8040,1,'un par está cortado por dentro'),
			(11007,8068,1,'se rompió de la parte frontal'),
			(11008,8072,1,'le quedó grande'),
			(11009,8045,1,'se rompió el tacón'),
			(11010,8022,1,'dos zapatos del mismo pie');
